Indian Rupee,1.00 INR,inv. 1.00 INR
US Dollar,0.013486,74.15229
Euro,0.011629,85.989755
British Pound,0.009954,100.460147
Australian Dollar,0.018583,53.812901
Canadian Dollar,0.017058,58.62286
Singapore Dollar,0.018314,54.604031
Swiss Franc,0.012551,79.673681
Malaysian Ringgit,0.05641,17.727296
Japanese Yen,1.497995,0.667559
Chinese Yuan Renminbi,0.086938,11.502455
